{"std": 50.146906407297173, "results": [591, 476, 542, 492, 570, 566, 593, 592, 547, 597, 542, 584, 593, 469, 532, 456, 508, 670, 555, 638, 634, 498, 612, 580, 549, 607, 546, 562, 583, 539], "best": 456, "mean": 560.76666666666665}