{"std": 344.94402283397943, "results": [1979, 2284, 1697, 2013, 1539, 2162, 1550, 1738, 2002, 2479, 1692, 1913, 1946, 2488, 2722, 2347, 1996, 1703, 2357, 1917, 1903, 1539, 1815, 2452, 1337, 2055, 2564, 1550, 2131, 2093], "best": 1337, "mean": 1998.7666666666667}