{"std": 88.15731519404514, "results": [750, 762, 841, 731, 884, 768, 770, 967, 677, 843, 773, 914, 880, 805, 639, 686, 832, 652, 674, 795, 788, 660, 936, 733, 865, 670, 693, 724, 724, 707], "best": 639, "mean": 771.43333333333328}