{"std": 135.53074271995348, "results": [960, 811, 1146, 1170, 877, 892, 1015, 1030, 1068, 968, 1146, 1178, 1188, 771, 989, 887, 1072, 1120, 1076, 1152, 957, 761, 670, 998, 857, 918, 962, 965, 1175, 1027], "best": 670, "mean": 993.5333333333333}