{"std": 40.436520896613033, "results": [517, 554, 564, 428, 568, 547, 521, 517, 647, 557, 603, 542, 601, 533, 554, 568, 527, 594, 525, 547, 556, 524, 613, 548, 538, 536, 560, 607, 492, 535], "best": 428, "mean": 550.76666666666665}