{"std": 23.440823838385505, "results": [203, 217, 235, 249, 263, 295, 233, 251, 231, 259, 251, 229, 213, 287, 209, 213, 220, 199, 215, 221, 221, 211, 219, 215, 209, 219, 211, 227, 217, 203], "best": 199, "mean": 228.16666666666666}