{"std": 39.074231349516722, "results": [535, 545, 583, 549, 446, 576, 562, 555, 544, 557, 589, 548, 536, 605, 556, 524, 512, 583, 518, 480, 497, 503, 490, 542, 573, 583, 503, 499, 497, 612], "best": 446, "mean": 540.06666666666672}