{"std": 40.659343602943501, "results": [554, 478, 595, 472, 530, 527, 576, 523, 568, 595, 599, 562, 519, 483, 581, 514, 484, 601, 564, 552, 623, 496, 605, 577, 531, 571, 568, 520, 553, 563], "best": 472, "mean": 549.4666666666667}