{"std": 259.69481233855163, "results": [2664, 2301, 2165, 1971, 2049, 2075, 2088, 2769, 2926, 2277, 2075, 2053, 2450, 2414, 2382, 2481, 2010, 2054, 2916, 2374, 2444, 2354, 2485, 2108, 2035, 2381, 2201, 2025, 2222, 2423], "best": 1971, "mean": 2305.7333333333331}