{"std": 277.05981103164152, "results": [1780, 1571, 1798, 1994, 1907, 1588, 1494, 1917, 1952, 1814, 1996, 2233, 1625, 1801, 1497, 1843, 1604, 2110, 1505, 1851, 1182, 2206, 2055, 1992, 1858, 1883, 1733, 2566, 1612, 1388], "best": 1182, "mean": 1811.8333333333333}