{"std": 54.556077164286251, "results": [542, 528, 571, 506, 595, 553, 615, 630, 464, 559, 530, 550, 597, 607, 539, 545, 492, 555, 575, 532, 637, 453, 457, 564, 438, 589, 534, 454, 486, 472], "best": 438, "mean": 538.9666666666667}