{"std": 33.418890200337621, "results": [663, 632, 639, 623, 719, 653, 633, 656, 645, 613, 704, 607, 616, 594, 607, 607, 586, 624, 708, 610, 659, 656, 584, 662, 623, 611, 602, 617, 629, 628], "best": 584, "mean": 633.66666666666663}