{"std": 92.862437089612399, "results": [1430, 1424, 1449, 1421, 1515, 1295, 1453, 1209, 1380, 1296, 1497, 1197, 1238, 1348, 1196, 1297, 1277, 1301, 1426, 1259, 1309, 1272, 1242, 1456, 1270, 1319, 1429, 1348, 1286, 1470], "best": 1196, "mean": 1343.6333333333334}