{"std": 53.062813930493945, "results": [1766, 1846, 1716, 1661, 1682, 1715, 1792, 1697, 1700, 1848, 1715, 1785, 1729, 1698, 1741, 1720, 1812, 1717, 1715, 1668, 1818, 1764, 1796, 1722, 1697, 1718, 1784, 1732, 1688, 1636], "best": 1636, "mean": 1735.9333333333334}